, ,순위, ,종목명, ,시장, ,종가, ,PER, ,ROA, ,EPS, ,BPS, ,PBR, ,ROE, ,시총(우선주포함), ,관리여부, ,산업명, ,결산월
0, ,1, ,HMM, ,코스피, ,"27,650", ,4.83, ,18.14%, ,"5,728", ,"15,796", ,1.75, ,36.26%, ,"13,521,942", ,일반, ,수상운송업, ,12월
1, ,2, ,효성티앤씨, ,코스피, ,"547,000", ,3.35, ,17.00%, ,"163,235", ,"290,519", ,1.88, ,56.19%, ,"2,367,242", ,일반, ,화학, ,12월
2, ,3, ,랩지노믹스, ,코스닥, ,"25,400", ,4.50, ,36.35%, ,"5,649", ,"11,773", ,2.16, ,47.98%, ,"290,832", ,일반, ,생명과학 도구 및 서비스, ,12월
3, ,4, ,금호석유, ,코스피, ,"184,500", ,3.00, ,24.54%, ,"61,461", ,"157,332", ,1.17, ,39.06%, ,"5,997,713", ,일반, ,화합물및화학제품제조업, ,12월
4, ,5, ,쿠쿠홈시스, ,코스피, ,"38,900", ,5.97, ,17.15%, ,"6,513", ,"27,872", ,1.40, ,23.37%, ,"872,812", ,일반, ,내구소비재, ,12월
5, ,6, ,태웅로직스, ,코스닥, ,"8,730", ,4.43, ,13.88%, ,"1,971", ,"5,087", ,1.72, ,38.75%, ,"170,556", ,일반, ,해상운수, ,12월
6, ,7, ,서희건설, ,코스닥, ,"1,640", ,2.31, ,11.53%, ,711, ,"2,777", ,0.59, ,25.60%, ,"376,886", ,일반, ,종합건설업, ,12월
7, ,8, ,포스코강판, ,코스피, ,"55,300", ,3.73, ,13.98%, ,"14,812", ,"51,563", ,1.07, ,28.73%, ,"331,800", ,일반, ,제1차금속산업, ,12월
8, ,9, ,코오롱글로벌, ,코스피, ,"22,200", ,4.08, ,5.47%, ,"5,445", ,"23,660", ,0.94, ,23.02%, ,"569,118", ,일반, ,종합건설업, ,12월
9, ,10, ,바디텍메드, ,코스닥, ,"16,450", ,6.89, ,28.93%, ,"2,386", ,"6,303", ,2.61, ,37.86%, ,"386,354", ,일반, ,생명과학 도구 및 서비스, ,12월
10, ,11, ,디바이스이엔지, ,코스닥, ,"29,900", ,6.64, ,18.55%, ,"4,503", ,"17,316", ,1.73, ,26.01%, ,"210,395", ,일반, ,디스플레이 및 관련부품, ,12월
11, ,12, ,더블유게임즈, ,코스피, ,"58,100", ,8.40, ,9.67%, ,"6,921", ,"44,465", ,1.31, ,15.56%, ,"1,067,559", ,일반, ,게임소프트웨어, ,12월
12, ,13, ,미투온, ,코스닥, ,"7,390", ,27.99, ,3.71%, ,264, ,"3,241", ,2.28, ,8.15%, ,"230,995", ,일반, ,게임 소프트웨어, ,12월
13, ,14, ,대한제강, ,코스피, ,"15,750", ,4.27, ,8.48%, ,"3,691", ,"25,122", ,0.63, ,14.69%, ,"388,186", ,일반, ,제1차금속산업, ,12월
14, ,15, ,LG, ,코스피, ,"82,500", ,5.05, ,10.29%, ,"16,331", ,"135,361", ,0.61, ,12.06%, ,"13,172,831", ,일반, ,"전문,과학및기술서비스업", ,12월
15, ,16, ,효성, ,코스피, ,"103,000", ,5.61, ,7.64%, ,"18,374", ,"121,023", ,0.85, ,15.18%, ,"2,170,316", ,일반, ,화합물및화학제품제조업, ,12월
16, ,17, ,휠라홀딩스, ,코스피, ,"35,200", ,9.09, ,5.45%, ,"3,871", ,"26,839", ,1.31, ,14.42%, ,"2,138,478", ,일반, ,"경기소비재,내구소비재 및 의류,섬유 및 의복", ,12월
17, ,18, ,문배철강, ,코스피, ,"3,775", ,3.36, ,10.80%, ,"1,124", ,"6,727", ,0.56, ,16.71%, ,"77,401", ,일반, ,제1차금속산업, ,12월
18, ,19, ,시디즈, ,코스피, ,"61,700", ,7.27, ,17.34%, ,"8,491", ,"30,188", ,2.04, ,28.13%, ,"123,400", ,일반, ,"경기소비재,내구소비재 및 의류", ,12월
19, ,20, ,제이엠티, ,코스닥, ,"4,100", ,5.10, ,11.54%, ,803, ,"4,215", ,0.97, ,19.06%, ,"68,668", ,일반, ,"정보기술하드웨어및장비,전자장비및기기", ,12월
20, ,21, ,한라홀딩스, ,코스피, ,"48,400", ,3.89, ,5.94%, ,"12,453", ,"96,842", ,0.50, ,12.86%, ,"506,848", ,일반, ,"경기소비재,자동차 및 부품", ,12월
21, ,22, ,대동스틸, ,코스닥, ,"5,920", ,3.66, ,15.13%, ,"1,616", ,"7,903", ,0.75, ,20.44%, ,"59,200", ,일반, ,제1차금속산업, ,12월
22, ,23, ,한국앤컴퍼니, ,코스피, ,"16,150", ,6.26, ,6.06%, ,"2,579", ,"39,292", ,0.41, ,6.56%, ,"1,533,204", ,일반, ,고무및플라스틱제품제조업, ,12월
23, ,24, ,LX인터내셔널, ,코스피, ,"27,250", ,3.93, ,3.92%, ,"6,935", ,"43,114", ,0.63, ,16.08%, ,"1,056,210", ,일반, ,도매및상품중개업, ,12월
24, ,25, ,쿠쿠홀딩스, ,코스피, ,"19,350", ,4.82, ,13.73%, ,"4,016", ,"24,306", ,0.80, ,16.52%, ,"688,128", ,일반, ,"경기소비재,내구소비재 및 의류,내구소비재", ,12월
25, ,26, ,SBS, ,코스피, ,"45,900", ,5.30, ,11.56%, ,"8,655", ,"35,939", ,1.28, ,24.08%, ,"837,794", ,일반, ,"영화,방송및공연산업", ,12월
26, ,27, ,크리스에프앤씨, ,코스닥, ,"42,500", ,8.43, ,16.13%, ,"5,040", ,"23,424", ,1.81, ,21.52%, ,"497,908", ,일반, ,섬유 및 의복, ,12월
27, ,28, ,동양에스텍, ,코스닥, ,"3,455", ,3.77, ,12.44%, ,917, ,"3,503", ,0.99, ,26.19%, ,"68,064", ,일반, ,제1차금속산업, ,12월
28, ,29, ,DL건설, ,코스피, ,"27,150", ,4.15, ,9.51%, ,"6,543", ,"41,363", ,0.66, ,15.82%, ,"598,747", ,일반, ,종합건설업, ,12월
29, ,30, ,풍산홀딩스, ,코스피, ,"29,150", ,1.95, ,15.01%, ,"14,948", ,"83,356", ,0.35, ,17.93%, ,"303,438", ,일반, ,제1차금속산업, ,12월
30, ,31, ,심텍홀딩스, ,코스닥, ,"4,320", ,7.58, ,2.48%, ,570, ,"4,902", ,0.88, ,11.63%, ,"175,667", ,일반, ,"전자부품,영상,음향및통신장비제조업", ,12월
31, ,32, ,계룡건설, ,코스피, ,"33,450", ,2.64, ,5.09%, ,"12,686", ,"71,277", ,0.47, ,17.80%, ,"298,739", ,일반, ,종합건설업, ,12월
32, ,33, ,위니아딤채, ,코스닥, ,"3,770", ,8.09, ,2.31%, ,466, ,"1,953", ,1.93, ,23.86%, ,"135,597", ,일반, ,내구소비재, ,12월
33, ,34, ,LX세미콘, ,코스닥, ,"161,400", ,10.75, ,22.08%, ,"15,014", ,"45,431", ,3.55, ,33.05%, ,"2,625,058", ,일반, ,"디스플레이,디스플레이 및 관련부품", ,12월
34, ,35, ,디와이파워, ,코스피, ,"12,550", ,4.05, ,9.94%, ,"3,096", ,"19,883", ,0.63, ,15.57%, ,"138,573", ,일반, ,자동차 부품, ,12월
35, ,36, ,피제이메탈, ,코스닥, ,"5,310", ,9.05, ,15.58%, ,587, ,"2,122", ,2.50, ,27.66%, ,"131,706", ,일반, ,"IT 하드웨어,통신장비", ,12월
36, ,37, ,대한뉴팜, ,코스닥, ,"10,950", ,-64.13, ,-1.63%, ,-171, ,"5,328", ,2.06, ,-3.20%, ,"157,186", ,일반, ,화합물및화학제품제조업, ,12월
37, ,38, ,동국제강, ,코스피, ,"16,050", ,3.39, ,7.25%, ,"4,734", ,"26,015", ,0.62, ,18.20%, ,"1,531,695", ,일반, ,제1차금속산업, ,12월
38, ,39, ,엠투아이, ,코스닥, ,"9,110", ,9.93, ,21.40%, ,917, ,"3,783", ,2.41, ,24.25%, ,"153,032", ,일반, ,전자 장비 및 기기, ,12월
39, ,40, ,신세계건설, ,코스피, ,"33,850", ,4.31, ,3.91%, ,"7,847", ,"55,690", ,0.61, ,14.09%, ,"135,400", ,일반, ,종합건설업, ,12월
40, ,41, ,한국알콜, ,코스닥, ,"11,650", ,5.31, ,8.52%, ,"2,193", ,"19,125", ,0.61, ,11.47%, ,"251,707", ,일반, ,화합물및화학제품제조업, ,12월
41, ,42, ,애경케미칼, ,코스피, ,"11,350", ,6.72, ,11.96%, ,"1,689", ,"9,431", ,1.20, ,17.91%, ,"552,163", ,일반, ,"소재,소재,화학", ,12월
42, ,43, ,한국콜마홀딩스, ,코스피, ,"19,350", ,4.09, ,7.50%, ,"4,730", ,"33,561", ,0.58, ,14.09%, ,"359,460", ,일반, ,화합물및화학제품제조업, ,12월
43, ,44, ,에이피티씨, ,코스닥, ,"22,450", ,10.87, ,34.39%, ,"2,065", ,"4,654", ,4.82, ,44.36%, ,"532,078", ,일반, ,반도체 및 관련장비, ,12월
44, ,45, ,KG이니시스, ,코스닥, ,"19,600", ,9.39, ,3.81%, ,"2,088", ,"13,199", ,1.49, ,15.82%, ,"546,927", ,일반, ,정보처리및기타컴퓨터운영관련업, ,12월
45, ,46, ,매커스, ,코스닥, ,"7,830", ,7.67, ,8.89%, ,"1,021", ,"4,302", ,1.82, ,23.74%, ,"126,557", ,일반, ,도매및상품중개업, ,12월
46, ,47, ,정상제이엘에스, ,코스닥, ,"7,920", ,10.01, ,11.63%, ,791, ,"4,424", ,1.79, ,17.89%, ,"124,166", ,일반, ,"전자부품,영상,음향및통신장비제조업", ,12월
47, ,48, ,한국경제TV, ,코스닥, ,"7,380", ,6.14, ,14.29%, ,"1,201", ,"6,872", ,1.07, ,17.48%, ,"169,740", ,일반, ,"영화,방송및공연산업", ,12월
48, ,49, ,삼성엔지니어링, ,코스피, ,"22,600", ,12.85, ,6.06%, ,"1,759", ,"9,929", ,2.28, ,17.71%, ,"4,429,600", ,일반, ,"전문,과학및기술서비스업", ,12월
49, ,50, ,에스제이그룹, ,코스닥, ,"21,400", ,9.99, ,14.35%, ,"2,143", ,"9,954", ,2.15, ,21.53%, ,"211,129", ,일반, ,섬유 및 의복, ,12월
50, ,51, ,국도화학, ,코스피, ,"57,900", ,4.01, ,8.80%, ,"14,443", ,"84,910", ,0.68, ,17.01%, ,"521,715", ,일반, ,화합물및화학제품제조업, ,12월
51, ,52, ,상상인, ,코스닥, ,"8,140", ,4.96, ,1.93%, ,"1,643", ,"12,143", ,0.67, ,13.53%, ,"450,372", ,일반, ,"전자부품,영상,음향및통신장비제조업", ,12월
52, ,53, ,농심홀딩스, ,코스피, ,"76,400", ,6.88, ,3.81%, ,"11,104", ,"219,397", ,0.35, ,5.06%, ,"354,327", ,일반, ,"전문,과학및기술서비스업", ,12월
53, ,54, ,LG이노텍, ,코스피, ,"361,000", ,11.44, ,9.00%, ,"31,557", ,"131,226", ,2.75, ,24.05%, ,"8,543,826", ,일반, ,"IT,하드웨어,휴대폰 및 관련부품", ,12월
54, ,55, ,바텍, ,코스닥, ,"35,300", ,58.78, ,2.17%, ,601, ,"17,904", ,1.97, ,3.35%, ,"524,355", ,일반, ,"의료,정밀,광학기기및시계제조업", ,12월
55, ,56, ,KG케미칼, ,코스피, ,"30,650", ,4.60, ,1.87%, ,"6,664", ,"34,558", ,0.89, ,19.28%, ,"424,996", ,일반, ,화합물및화학제품제조업, ,12월
56, ,57, ,프로텍, ,코스닥, ,"25,950", ,6.80, ,15.22%, ,"3,816", ,"21,812", ,1.19, ,17.49%, ,"285,450", ,일반, ,기타기계및장비제조업, ,12월
57, ,58, ,선진, ,코스피, ,"11,150", ,4.03, ,5.36%, ,"2,767", ,"17,375", ,0.64, ,15.92%, ,"265,143", ,일반, ,"필수소비재,음식료 및 담배,식료품", ,12월
58, ,59, ,나이스정보통신, ,코스닥, ,"30,500", ,15.33, ,2.38%, ,"1,990", ,"26,398", ,1.16, ,7.54%, ,"305,000", ,일반, ,통신업, ,12월
59, ,60, ,슈피겐코리아, ,코스닥, ,"43,000", ,7.04, ,8.77%, ,"6,107", ,"59,809", ,0.72, ,10.21%, ,"267,304", ,일반, ,"IT,하드웨어,휴대폰 및 관련부품", ,12월
60, ,61, ,싸이맥스, ,코스닥, ,"19,500", ,8.00, ,12.29%, ,"2,436", ,"13,317", ,1.46, ,18.29%, ,"213,023", ,일반, ,반도체 및 관련 장비, ,12월
61, ,62, ,우리바이오, ,코스닥, ,"4,515", ,9.09, ,3.45%, ,497, ,"3,209", ,1.41, ,15.48%, ,"212,190", ,일반, ,기타전기기계및전기변환장치제조업, ,12월
62, ,63, ,제이씨케미칼, ,코스닥, ,"8,910", ,7.25, ,9.11%, ,"1,229", ,"5,540", ,1.61, ,22.19%, ,"198,406", ,일반, ,"에너지,에너지,에너지 시설 및 서비스", ,12월
63, ,64, ,삼현철강, ,코스닥, ,"5,820", ,4.00, ,10.77%, ,"1,456", ,"10,841", ,0.54, ,13.43%, ,"91,391", ,일반, ,제1차금속산업, ,12월
64, ,65, ,하이비젼시스템, ,코스닥, ,"23,050", ,8.67, ,15.46%, ,"2,660", ,"11,542", ,2.00, ,23.04%, ,"344,416", ,일반, ,휴대폰 및 관련부품, ,12월
65, ,66, ,소프트센, ,코스닥, ,"2,315", ,6.01, ,16.63%, ,385, ,"1,407", ,1.65, ,27.39%, ,"87,178", ,일반, ,컴퓨터및사무용기기제조업, ,12월
66, ,67, ,코웰패션, ,코스닥, ,"7,900", ,11.49, ,10.65%, ,688, ,"4,746", ,1.66, ,14.49%, ,"699,152", ,일반, ,"전자부품,영상,음향및통신장비제조업", ,12월
67, ,68, ,한일철강, ,코스피, ,"2,670", ,3.01, ,7.04%, ,887, ,"6,300", ,0.42, ,14.07%, ,"71,282", ,일반, ,제1차금속산업, ,12월
68, ,69, ,코웨이, ,코스피, ,"77,400", ,12.82, ,12.07%, ,"6,039", ,"24,498", ,3.16, ,24.65%, ,"5,712,091", ,일반, ,기타서비스업, ,12월
69, ,70, ,흥국, ,코스닥, ,"7,260", ,7.03, ,11.11%, ,"1,033", ,"6,805", ,1.07, ,15.17%, ,"89,463", ,일반, ,특수 목적용 기계 제조업, ,12월
70, ,71, ,엠에스씨, ,코스닥, ,"5,670", ,7.00, ,8.05%, ,810, ,"6,418", ,0.88, ,12.63%, ,"99,792", ,일반, ,음·식료품제조업, ,12월
71, ,72, ,현대두산인프라코어, ,코스피, ,"6,990", ,2.02, ,5.96%, ,"3,456", ,"10,339", ,0.68, ,33.42%, ,"575,458", ,일반, ,기타기계및장비제조업, ,12월
72, ,73, ,뉴트리, ,코스닥, ,"21,750", ,9.00, ,15.47%, ,"2,416", ,"10,002", ,2.17, ,24.15%, ,"198,213", ,일반, ,식료품, ,12월
73, ,74, ,미래나노텍, ,코스닥, ,"6,240", ,4.99, ,9.05%, ,"1,251", ,"7,248", ,0.86, ,17.26%, ,"184,533", ,일반, ,"전자장비및기기,정보기술하드웨어및장비", ,12월
74, ,75, ,한국주철관, ,코스피, ,"9,020", ,4.87, ,10.75%, ,"1,851", ,"13,508", ,0.67, ,13.70%, ,"205,661", ,일반, ,제1차금속산업, ,3월
75, ,76, ,피에스케이, ,코스닥, ,"49,950", ,11.49, ,17.61%, ,"4,349", ,"19,167", ,2.61, ,22.69%, ,"737,513", ,일반, ,반도체 및 관련장비, ,12월
76, ,77, ,청담러닝, ,코스닥, ,"33,200", ,13.74, ,8.16%, ,"2,416", ,"11,617", ,2.86, ,20.80%, ,"249,791", ,일반, ,"경기소비재,소비자서비스,교육", ,12월
77, ,78, ,메가스터디교육, ,코스닥, ,"82,100", ,13.86, ,11.14%, ,"5,921", ,"27,781", ,2.96, ,21.32%, ,"973,860", ,일반, ,교육, ,12월
78, ,79, ,민앤지, ,코스닥, ,"19,850", ,11.74, ,5.33%, ,"1,690", ,"10,432", ,1.90, ,16.20%, ,"263,155", ,일반, ,정보서비스, ,12월
79, ,80, ,GST, ,코스닥, ,"37,050", ,10.80, ,16.19%, ,"3,430", ,"14,946", ,2.48, ,22.95%, ,"345,222", ,일반, ,기타기계및장비제조업, ,12월
80, ,81, ,이노션, ,코스피, ,"54,500", ,14.65, ,3.66%, ,"3,720", ,"40,387", ,1.35, ,9.21%, ,"1,090,000", ,일반, ,미디어, ,12월
81, ,82, ,골프존, ,코스닥, ,"170,700", ,13.53, ,17.49%, ,"12,616", ,"45,382", ,3.76, ,27.80%, ,"1,071,213", ,일반, ,게임 소프트웨어와 서비스, ,12월
82, ,83, ,웹젠, ,코스닥, ,"28,650", ,10.68, ,15.92%, ,"2,683", ,"13,808", ,2.07, ,19.43%, ,"1,011,657", ,일반, ,정보처리및기타컴퓨터운영관련업, ,12월
83, ,84, ,인탑스, ,코스닥, ,"30,850", ,6.51, ,9.93%, ,"4,736", ,"30,745", ,1.00, ,15.40%, ,"530,620", ,일반, ,"전자부품,영상,음향및통신장비제조업", ,12월
84, ,85, ,멀티캠퍼스, ,코스닥, ,"45,750", ,13.80, ,8.90%, ,"3,315", ,"22,024", ,2.08, ,15.05%, ,"271,150", ,일반, ,교육서비스업, ,12월
85, ,86, ,한미글로벌, ,코스피, ,"11,900", ,9.68, ,5.19%, ,"1,229", ,"11,889", ,1.00, ,10.34%, ,"130,395", ,일반, ,"건축기술,엔지니어링및관련기술 서비스업", ,12월
86, ,87, ,AP시스템, ,코스닥, ,"25,250", ,8.86, ,9.77%, ,"2,849", ,"11,613", ,2.17, ,24.53%, ,"385,856", ,일반, ,디스플레이 및 관련부품, ,12월
87, ,88, ,이구산업, ,코스피, ,"3,590", ,6.69, ,6.18%, ,537, ,"3,485", ,1.03, ,15.40%, ,"120,057", ,일반, ,제1차금속산업, ,12월
88, ,89, ,디피씨, ,코스피, ,"14,100", ,14.22, ,13.53%, ,992, ,"5,021", ,2.81, ,19.75%, ,"587,662", ,일반, ,기타전기기계및전기변환장치제조업, ,12월
89, ,90, ,유비쿼스, ,코스닥, ,"22,250", ,9.45, ,15.46%, ,"2,355", ,"11,678", ,1.91, ,20.16%, ,"227,967", ,일반, ,통신장비, ,12월
90, ,91, ,유진기업, ,코스닥, ,"4,945", ,11.04, ,0.66%, ,448, ,"11,020", ,0.45, ,4.07%, ,"382,302", ,일반, ,비금속광물제품제조업, ,12월
91, ,92, ,제이에스코퍼레이션, ,코스피, ,"20,650", ,10.71, ,4.68%, ,"1,928", ,"13,476", ,1.53, ,14.31%, ,"275,380", ,일반, ,섬유 및 의복, ,12월
92, ,93, ,삼지전자, ,코스닥, ,"12,000", ,7.47, ,2.89%, ,"1,605", ,"15,030", ,0.80, ,10.68%, ,"195,822", ,일반, ,"전자부품,영상,음향및통신장비제조업", ,12월
93, ,94, ,광주신세계, ,코스피, ,"178,000", ,5.70, ,6.07%, ,"31,251", ,"456,088", ,0.39, ,6.85%, ,"284,800", ,일반, ,소매업;자동차제외, ,12월
94, ,95, ,한국쉘석유, ,코스피, ,"275,000", ,14.38, ,16.53%, ,"19,125", ,"79,342", ,3.47, ,24.10%, ,"357,500", ,일반, ,"코크스,석유정제품및핵연료제조업", ,12월
95, ,96, ,한국컴퓨터, ,코스닥, ,"5,150", ,4.50, ,12.23%, ,"1,144", ,"6,838", ,0.75, ,16.74%, ,"82,767", ,일반, ,"전자부품,영상,음향및통신장비제조업", ,12월
96, ,97, ,에스에이엠티, ,코스닥, ,"4,545", ,7.73, ,8.93%, ,588, ,"2,978", ,1.53, ,19.73%, ,"454,478", ,일반, ,도매및상품중개업, ,12월
97, ,98, ,자이에스앤디, ,코스피, ,"9,380", ,10.16, ,6.33%, ,923, ,"7,643", ,1.23, ,12.08%, ,"363,780", ,일반, ,건설, ,12월
98, ,99, ,한국기업평가, ,코스닥, ,"80,100", ,16.43, ,13.51%, ,"4,874", ,"22,249", ,3.60, ,21.91%, ,"363,695", ,일반, ,사업지원서비스업, ,12월
99, ,100, ,신성통상, ,코스피, ,"3,165", ,12.40, ,3.82%, ,255, ,"1,881", ,1.68, ,13.57%, ,"454,837", ,일반, ,도매및상품중개업, ,6월
100, ,101, ,마이크로프랜드, ,코스닥, ,"8,830", ,7.72, ,17.39%, ,"1,143", ,"5,086", ,1.74, ,22.48%, ,"95,539", ,일반, ,반도체 및 관련장비, ,12월
101, ,102, ,GS, ,코스피, ,"41,150", ,3.66, ,3.50%, ,"11,234", ,"102,843", ,0.40, ,10.92%, ,"3,888,882", ,일반, ,"전문,과학및기술서비스업", ,12월
102, ,103, ,다나와, ,코스닥, ,"26,400", ,11.24, ,18.09%, ,"2,348", ,"11,512", ,2.29, ,20.40%, ,"345,175", ,일반, ,"경기소비재,유통,온라인 쇼핑", ,12월
103, ,104, ,고려신용정보, ,코스닥, ,"8,610", ,10.73, ,15.52%, ,803, ,"2,128", ,4.05, ,37.71%, ,"123,123", ,일반, ,사업지원서비스업, ,12월
104, ,105, ,디지털대성, ,코스닥, ,"9,270", ,14.69, ,8.65%, ,631, ,"4,964", ,1.87, ,12.71%, ,"275,752", ,일반, ,"전문,과학및기술서비스업", ,12월
105, ,106, ,나이스디앤비, ,코스닥, ,"9,640", ,12.46, ,12.09%, ,774, ,"4,594", ,2.10, ,16.85%, ,"148,456", ,일반, ,"산업재,상업서비스,상업서비스", ,12월
106, ,107, ,유니셈, ,코스닥, ,"14,050", ,12.43, ,15.04%, ,"1,131", ,"5,813", ,2.42, ,19.45%, ,"430,832", ,일반, ,기타기계및장비제조업, ,12월
107, ,108, ,원익홀딩스, ,코스닥, ,"5,050", ,4.04, ,5.48%, ,"1,251", ,"12,422", ,0.41, ,10.07%, ,"390,052", ,일반, ,기타기계및장비제조업, ,12월
108, ,109, ,창해에탄올, ,코스닥, ,"13,850", ,11.61, ,5.75%, ,"1,193", ,"14,622", ,0.95, ,8.16%, ,"127,294", ,일반, ,"필수소비재,음식료 및 담배,음료", ,12월
109, ,110, ,기아, ,코스피, ,"85,100", ,7.71, ,6.94%, ,"11,038", ,"83,336", ,1.02, ,13.24%, ,"34,496,421", ,일반, ,자동차및트레일러제조업, ,12월
110, ,111, ,수젠텍, ,코스닥, ,"13,750", ,7.52, ,20.52%, ,"1,827", ,"5,749", ,2.39, ,31.79%, ,"212,581", ,일반, ,의료 장비 및 서비스, ,12월
111, ,112, ,두산밥캣, ,코스피, ,"40,450", ,11.15, ,4.30%, ,"3,627", ,"41,672", ,0.97, ,8.70%, ,"4,055,079", ,일반, ,기계, ,12월
112, ,113, ,DMS, ,코스닥, ,"6,680", ,3.11, ,13.22%, ,"2,146", ,"10,425", ,0.64, ,20.58%, ,"164,148", ,일반, ,기타기계및장비제조업, ,12월
113, ,114, ,영원무역홀딩스, ,코스피, ,"47,450", ,3.96, ,3.99%, ,"11,996", ,"115,618", ,0.41, ,10.38%, ,"647,009", ,일반, ,도매및상품중개업, ,12월
114, ,115, ,진흥기업, ,코스피, ,"2,060", ,5.74, ,16.88%, ,359, ,"1,093", ,1.88, ,32.86%, ,"308,868", ,일반, ,종합건설업, ,12월
115, ,116, ,테스, ,코스닥, ,"28,850", ,9.39, ,18.52%, ,"3,073", ,"14,190", ,2.03, ,21.66%, ,"570,313", ,일반, ,반도체및반도체관련장비, ,12월
116, ,117, ,현대비앤지스틸, ,코스피, ,"17,450", ,4.10, ,8.56%, ,"4,254", ,"31,936", ,0.55, ,13.32%, ,"271,068", ,일반, ,제1차금속산업, ,12월
117, ,118, ,효성첨단소재, ,코스피, ,"639,000", ,13.33, ,7.56%, ,"47,930", ,"121,264", ,5.27, ,39.53%, ,"2,862,687", ,일반, ,화학, ,12월
118, ,119, ,유니드, ,코스피, ,"99,900", ,4.71, ,14.27%, ,"21,205", ,"111,758", ,0.89, ,18.97%, ,"888,095", ,일반, ,화합물및화학제품제조업, ,12월
119, ,120, ,콜마비앤에이치, ,코스닥, ,"31,300", ,13.58, ,13.60%, ,"2,305", ,"12,455", ,2.51, ,18.50%, ,"924,713", ,일반, ,화장품, ,12월
120, ,121, ,드림텍, ,코스피, ,"10,900", ,11.37, ,8.75%, ,959, ,"5,017", ,2.17, ,19.11%, ,"712,242", ,일반, ,휴대폰 및 관련부품, ,12월
121, ,122, ,현대홈쇼핑, ,코스피, ,"65,100", ,5.37, ,5.48%, ,"12,121", ,"159,662", ,0.41, ,7.59%, ,"781,200", ,일반, ,"경기소비재,유통,온라인 쇼핑", ,12월
122, ,123, ,F&F홀딩스, ,코스피, ,"33,350", ,0.68, ,65.39%, ,"49,006", ,"48,346", ,0.69, ,101.37%, ,"1,304,464", ,일반, ,봉제의복및모피제품제조업, ,12월
123, ,124, ,풍산, ,코스피, ,"31,450", ,3.98, ,7.31%, ,"7,895", ,"58,185", ,0.54, ,13.57%, ,"881,364", ,일반, ,"소재,금속및광물", ,12월
124, ,125, ,S-Oil, ,코스피, ,"88,700", ,8.25, ,6.68%, ,"10,758", ,"59,122", ,1.50, ,18.20%, ,"10,218,963", ,일반, ,"코크스,석유정제품및핵연료제조업", ,12월
125, ,126, ,엠브레인, ,코스닥, ,"8,470", ,14.15, ,13.53%, ,599, ,"2,693", ,3.15, ,22.23%, ,"75,963", ,일반, ,IT 서비스, ,6월
126, ,127, ,동원산업, ,코스피, ,"232,000", ,4.17, ,6.24%, ,"55,670", ,"385,729", ,0.60, ,14.43%, ,"853,213", ,일반, ,어업, ,12월
127, ,128, ,멕아이씨에스, ,코스닥, ,"10,450", ,11.64, ,14.82%, ,898, ,"4,559", ,2.29, ,19.69%, ,"167,728", ,일반, ,의료 장비 및 서비스, ,12월
128, ,129, ,삼화전기, ,코스피, ,"30,550", ,13.59, ,9.17%, ,"2,248", ,"9,328", ,3.28, ,24.10%, ,"202,052", ,일반, ,"전자부품,영상,음향및통신장비제조업", ,12월
129, ,130, ,다우데이타, ,코스닥, ,"14,850", ,3.80, ,0.32%, ,"3,908", ,"24,054", ,0.62, ,16.25%, ,"568,755", ,일반, ,정보처리및기타컴퓨터운영관련업, ,12월
130, ,131, ,국보디자인, ,코스닥, ,"20,950", ,8.15, ,6.58%, ,"2,570", ,"25,268", ,0.83, ,10.17%, ,"157,125", ,일반, ,"전문,과학및기술서비스업", ,12월
131, ,132, ,영원무역, ,코스피, ,"43,300", ,8.32, ,6.76%, ,"5,202", ,"49,055", ,0.88, ,10.61%, ,"1,918,687", ,일반, ,상품종합도매업, ,12월
132, ,133, ,사조오양, ,코스피, ,"9,230", ,7.81, ,3.53%, ,"1,182", ,"20,241", ,0.46, ,5.84%, ,"86,972", ,일반, ,어업, ,12월
133, ,134, ,한화, ,코스피, ,"31,950", ,4.14, ,0.29%, ,"7,722", ,"64,097", ,0.50, ,12.05%, ,"2,413,552", ,일반, ,화합물및화학제품제조업, ,12월
134, ,135, ,HDC현대산업개발, ,코스피, ,"23,500", ,5.11, ,4.71%, ,"4,602", ,"44,144", ,0.53, ,10.42%, ,"1,548,822", ,일반, ,건설, ,12월
135, ,136, ,솔브레인, ,코스닥, ,"278,900", ,15.59, ,18.77%, ,"17,888", ,"76,923", ,3.63, ,23.25%, ,"2,169,442", ,일반, ,반도체 및 관련장비, ,12월
136, ,137, ,제이씨현시스템, ,코스닥, ,"6,860", ,9.02, ,9.79%, ,761, ,"5,477", ,1.25, ,13.89%, ,"131,125", ,일반, ,도매및상품중개업, ,12월
137, ,138, ,씨젠, ,코스닥, ,"61,400", ,5.73, ,44.12%, ,"10,710", ,"17,763", ,3.46, ,60.30%, ,"3,206,676", ,일반, ,제약 및 바이오, ,12월
138, ,139, ,제일기획, ,코스피, ,"23,600", ,13.90, ,8.23%, ,"1,697", ,"9,504", ,2.48, ,17.86%, ,"2,714,973", ,일반, ,"전문,과학및기술서비스업", ,12월
139, ,140, ,네오팜, ,코스닥, ,"24,650", ,11.11, ,12.88%, ,"2,219", ,"15,302", ,1.61, ,14.50%, ,"202,311", ,일반, ,화합물및화학제품제조업, ,12월
140, ,141, ,DB하이텍, ,코스피, ,"71,000", ,14.79, ,15.64%, ,"4,799", ,"22,086", ,3.21, ,21.73%, ,"3,163,700", ,일반, ,화합물및화학제품제조업, ,12월
141, ,142, ,효성ITX, ,코스피, ,"20,000", ,16.89, ,7.18%, ,"1,184", ,"5,485", ,3.65, ,21.59%, ,"231,164", ,일반, ,"산업재,상업서비스", ,12월
142, ,143, ,한라, ,코스피, ,"5,370", ,1.62, ,8.87%, ,"3,306", ,"10,530", ,0.51, ,31.40%, ,"203,301", ,일반, ,종합건설업, ,12월
143, ,144, ,SCI평가정보, ,코스닥, ,"3,375", ,18.09, ,17.22%, ,187, ,857, ,3.94, ,21.78%, ,"119,813", ,일반, ,사업지원서비스업, ,12월
144, ,145, ,동원개발, ,코스닥, ,"5,400", ,4.49, ,9.21%, ,"1,204", ,"10,395", ,0.52, ,11.58%, ,"490,364", ,일반, ,종합건설업, ,12월
145, ,146, ,KT&G, ,코스피, ,"84,200", ,9.71, ,9.97%, ,"8,675", ,"68,285", ,1.23, ,12.70%, ,"11,560,028", ,일반, ,담배제조업, ,12월
146, ,147, ,디씨엠, ,코스피, ,"21,550", ,6.46, ,14.25%, ,"3,334", ,"18,786", ,1.15, ,17.75%, ,"252,135", ,일반, ,제1차금속산업, ,12월
147, ,148, ,나무가, ,코스닥, ,"12,050", ,9.81, ,8.67%, ,"1,228", ,"4,554", ,2.65, ,26.98%, ,"165,593", ,일반, ,휴대폰 및 관련부품, ,12월
148, ,149, ,대한유화, ,코스피, ,"194,000", ,6.03, ,8.60%, ,"32,161", ,"313,334", ,0.62, ,10.26%, ,"1,261,000", ,일반, ,화합물및화학제품제조업, ,12월
149, ,150, ,가비아, ,코스닥, ,"13,650", ,13.85, ,4.84%, ,985, ,"7,229", ,1.89, ,13.63%, ,"184,762", ,일반, ,정보처리및기타컴퓨터운영관련업, ,12월
150, ,151, ,남광토건, ,코스피, ,"13,450", ,7.57, ,6.98%, ,"1,776", ,"7,777", ,1.73, ,22.83%, ,"132,199", ,일반, ,종합건설업, ,12월
151, ,152, ,삼보판지, ,코스닥, ,"15,300", ,4.46, ,8.55%, ,"3,433", ,"26,810", ,0.57, ,12.80%, ,"247,401", ,일반, ,"펄프,종이및종이제품제조업", ,12월
152, ,153, ,웅진, ,코스피, ,"1,725", ,7.68, ,1.67%, ,225, ,845, ,2.04, ,26.58%, ,"137,874", ,일반, ,교육서비스업, ,12월
153, ,154, ,인바디, ,코스닥, ,"23,150", ,9.98, ,16.09%, ,"2,319", ,"12,812", ,1.81, ,18.10%, ,"316,780", ,일반, ,"의료,정밀,광학기기및시계제조업", ,12월
154, ,155, ,KG모빌리언스, ,코스닥, ,"12,500", ,12.52, ,7.86%, ,998, ,"7,502", ,1.67, ,13.30%, ,"485,320", ,일반, ,정보처리및기타컴퓨터운영관련업, ,12월
155, ,156, ,HRS, ,코스닥, ,"7,340", ,6.56, ,16.28%, ,"1,119", ,"5,754", ,1.28, ,19.44%, ,"120,044", ,일반, ,화합물및화학제품제조업, ,12월
156, ,157, ,삼양통상, ,코스피, ,"58,100", ,3.37, ,11.46%, ,"17,249", ,"134,712", ,0.43, ,12.80%, ,"174,300", ,일반, ,"가죽,가방및신발제조업", ,12월
157, ,158, ,와이아이케이, ,코스닥, ,"5,810", ,9.90, ,11.90%, ,587, ,"3,331", ,1.74, ,17.62%, ,"476,683", ,일반, ,반도체 및 관련 장비, ,12월
158, ,159, ,한국가구, ,코스닥, ,"6,280", ,7.11, ,8.33%, ,883, ,"7,805", ,0.80, ,11.32%, ,"94,200", ,일반, ,가구및기타제품제조업, ,12월
159, ,160, ,KTis, ,코스피, ,"2,500", ,10.60, ,2.35%, ,236, ,"5,089", ,0.49, ,4.63%, ,"87,005", ,일반, ,"산업재,상업서비스", ,12월
160, ,161, ,한양디지텍, ,코스닥, ,"16,700", ,14.71, ,11.43%, ,"1,135", ,"5,149", ,3.24, ,22.05%, ,"254,581", ,일반, ,"전자부품,영상,음향및통신장비제조업", ,12월
161, ,162, ,KG ETS, ,코스닥, ,"15,000", ,-19.33, ,-0.91%, ,-776, ,"8,813", ,1.70, ,-8.80%, ,"540,000", ,일반, ,"에너지,에너지,에너지시설 및 서비스", ,12월
162, ,163, ,제이티, ,코스닥, ,"10,150", ,9.78, ,14.92%, ,"1,037", ,"3,983", ,2.55, ,26.05%, ,"104,702", ,일반, ,"의료,정밀,광학기기및시계제조업", ,12월
163, ,164, ,사람인에이치알, ,코스닥, ,"40,450", ,14.82, ,19.23%, ,"2,730", ,"12,391", ,3.26, ,22.03%, ,"471,617", ,일반, ,"산업재,상업서비스,상업서비스", ,12월
164, ,165, ,KG동부제철, ,코스피, ,"10,750", ,6.25, ,6.34%, ,"1,721", ,"11,212", ,0.96, ,15.35%, ,"1,080,279", ,일반, ,제1차금속산업, ,12월
165, ,166, ,노바텍, ,코스닥, ,"39,800", ,10.69, ,29.01%, ,"3,723", ,"11,128", ,3.58, ,33.46%, ,"401,253", ,일반, ,금속 및 광물, ,12월
166, ,167, ,삼양홀딩스, ,코스피, ,"99,000", ,3.24, ,6.06%, ,"30,554", ,"209,497", ,0.47, ,14.58%, ,"869,056", ,일반, ,음·식료품제조업, ,12월
167, ,168, ,아세아제지, ,코스피, ,"48,700", ,4.74, ,9.61%, ,"10,279", ,"78,250", ,0.62, ,13.14%, ,"436,182", ,일반, ,"펄프,종이및종이제품제조업", ,12월
168, ,169, ,정다운, ,코스닥, ,"2,880", ,7.83, ,7.44%, ,368, ,"2,551", ,1.13, ,14.42%, ,"93,686", ,일반, ,식품, ,12월
169, ,170, ,LG전자, ,코스피, ,"136,500", ,17.82, ,2.30%, ,"7,659", ,"106,298", ,1.28, ,7.21%, ,"23,461,890", ,일반, ,"전자부품,영상,음향및통신장비제조업", ,12월
170, ,171, ,금호건설, ,코스피, ,"12,100", ,4.06, ,6.09%, ,"2,978", ,"19,974", ,0.61, ,14.91%, ,"452,740", ,일반, ,종합건설업, ,12월
171, ,172, ,KTcs, ,코스피, ,"2,570", ,6.41, ,4.64%, ,401, ,"4,111", ,0.63, ,9.75%, ,"109,700", ,일반, ,"산업재,상업서비스", ,12월
172, ,173, ,NI스틸, ,코스피, ,"3,375", ,5.02, ,5.97%, ,672, ,"4,709", ,0.72, ,14.28%, ,"96,525", ,일반, ,제1차금속산업, ,12월
173, ,174, ,링네트, ,코스닥, ,"6,350", ,9.60, ,7.44%, ,662, ,"4,776", ,1.33, ,13.85%, ,"97,516", ,일반, ,정보처리및기타컴퓨터운영관련업, ,12월
174, ,175, ,삼양패키징, ,코스피, ,"25,100", ,11.06, ,5.11%, ,"2,270", ,"23,066", ,1.09, ,9.84%, ,"356,666", ,일반, ,용기 및 포장, ,12월
175, ,176, ,MH에탄올, ,코스피, ,"10,600", ,7.24, ,2.41%, ,"1,465", ,"8,675", ,1.22, ,16.88%, ,"78,212", ,일반, ,음·식료품제조업, ,12월
176, ,177, ,SGA솔루션즈, ,코스닥, ,"1,205", ,9.73, ,9.36%, ,124, ,713, ,1.69, ,17.37%, ,"55,642", ,일반, ,소프트웨어, ,12월
177, ,178, ,태광산업, ,코스피, ,"994,000", ,4.36, ,5.32%, ,"227,848", ,"3,419,959", ,0.29, ,6.66%, ,"1,106,720", ,일반, ,화합물및화학제품제조업, ,12월
178, ,179, ,월덱스, ,코스닥, ,"28,250", ,18.88, ,12.02%, ,"1,497", ,"8,243", ,3.43, ,18.16%, ,"466,436", ,일반, ,"IT,반도체,반도체및관련장비", ,12월
179, ,180, ,금화피에스시, ,코스닥, ,"33,350", ,6.35, ,10.18%, ,"5,251", ,"45,735", ,0.73, ,11.48%, ,"200,100", ,일반, ,전문직별공사업, ,12월
180, ,181, ,대원산업, ,코스닥, ,"6,640", ,3.39, ,7.52%, ,"1,956", ,"17,633", ,0.38, ,11.09%, ,"133,050", ,일반, ,자동차부품, ,12월
181, ,182, ,POSCO, ,코스피, ,"284,000", ,4.25, ,6.46%, ,"66,751", ,"563,978", ,0.50, ,11.84%, ,"24,761,061", ,일반, ,제1차금속산업, ,12월
182, ,183, ,나스미디어, ,코스닥, ,"35,200", ,12.80, ,6.28%, ,"2,750", ,"18,485", ,1.90, ,14.88%, ,"338,093", ,일반, ,"경기소비재,미디어,미디어", ,12월
183, ,184, ,한국전자홀딩스, ,코스피, ,"2,090", ,4.35, ,5.01%, ,480, ,"2,789", ,0.75, ,17.22%, ,"97,819", ,일반, ,"전문,과학및기술서비스업", ,12월
184, ,185, ,세아제강지주, ,코스피, ,"102,500", ,3.09, ,4.71%, ,"33,155", ,"279,200", ,0.37, ,11.87%, ,"424,520", ,일반, ,제1차금속산업, ,12월
185, ,186, ,롯데하이마트, ,코스피, ,"25,550", ,61.13, ,0.31%, ,418, ,"82,918", ,0.31, ,0.50%, ,"603,177", ,일반, ,"경기소비재,유통,도소매", ,12월
186, ,187, ,KISCO홀딩스, ,코스피, ,"15,000", ,3.83, ,4.49%, ,"3,920", ,"50,168", ,0.30, ,7.81%, ,"277,146", ,일반, ,제1차금속산업, ,12월
187, ,188, ,롯데케미칼, ,코스피, ,"228,500", ,5.75, ,6.19%, ,"39,751", ,"419,771", ,0.54, ,9.47%, ,"7,831,933", ,일반, ,화합물및화학제품제조업, ,12월
188, ,189, ,우리이앤엘, ,코스닥, ,"1,670", ,12.08, ,5.66%, ,138, ,"1,460", ,1.14, ,9.47%, ,"85,972", ,일반, ,"IT,반도체,반도체 및 관련장비", ,12월
189, ,190, ,이녹스첨단소재, ,코스닥, ,"44,350", ,14.42, ,13.55%, ,"3,076", ,"14,478", ,3.06, ,21.24%, ,"871,108", ,일반, ,전자 장비 및 기기, ,12월
190, ,191, ,인텍플러스, ,코스닥, ,"28,000", ,15.60, ,23.51%, ,"1,794", ,"3,849", ,7.27, ,46.62%, ,"355,543", ,일반, ,"IT 디스플레이,디스플레이 및 관련부품", ,12월
191, ,192, ,에이치엘사이언스, ,코스닥, ,"35,600", ,12.51, ,13.60%, ,"2,845", ,"19,345", ,1.84, ,14.71%, ,"191,959", ,일반, ,제약, ,12월
192, ,193, ,하나마이크론, ,코스닥, ,"20,200", ,147.55, ,0.51%, ,137, ,"5,338", ,3.78, ,2.56%, ,"645,085", ,일반, ,"전자부품,영상,음향및통신장비제조업", ,12월
193, ,194, ,아세아, ,코스피, ,"125,500", ,3.01, ,3.01%, ,"41,633", ,"401,332", ,0.31, ,10.37%, ,"274,974", ,일반, ,비금속광물제품제조업, ,12월
194, ,195, ,웰크론, ,코스닥, ,"4,650", ,8.33, ,5.79%, ,558, ,"2,783", ,1.67, ,20.07%, ,"131,276", ,일반, ,섬유제품제조업;봉제의복제외, ,12월
195, ,196, ,알톤스포츠, ,코스닥, ,"4,205", ,9.53, ,12.69%, ,441, ,"2,190", ,1.92, ,20.14%, ,"53,598", ,일반, ,레저용품, ,12월
196, ,197, ,맘스터치, ,코스닥, ,"5,340", ,37.02, ,13.30%, ,144, ,772, ,6.91, ,18.68%, ,"543,706", ,일반, ,호텔 및 레저, ,12월
197, ,198, ,삼진제약, ,코스피, ,"26,500", ,10.03, ,11.29%, ,"2,643", ,"16,866", ,1.57, ,15.67%, ,"368,350", ,일반, ,화합물및화학제품제조업, ,12월
198, ,199, ,대창, ,코스피, ,"1,825", ,6.49, ,3.38%, ,281, ,"2,336", ,0.78, ,12.03%, ,"166,331", ,일반, ,제1차금속산업, ,12월
199, ,200, ,에이스침대, ,코스닥, ,"43,900", ,7.51, ,10.45%, ,"5,847", ,"49,205", ,0.89, ,11.88%, ,"486,851", ,일반, ,가구및기타제품제조업, ,12월
